,sh1,p,C1,B1,Tem_1,DE1
2019-05-03,,0.0,,,,0.0
2019-05-04,,0.0,,,,0.0
2019-05-05,,0.0,,,,0.0
2019-05-06,,0.0,,,,0.0
2019-05-07,,0.0,,,,0.0
2019-05-08,,10.837333333333332,,,,0.0
2019-05-09,,40.97866666666667,,,,0.0
2019-05-10,,6.434666666666665,,,,0.0
2019-05-11,,20.066,,,,0.0
2019-05-12,,2.455333333333333,,,,0.0
2019-05-13,,14.647333333333332,,,,0.0
2019-05-14,,5.587999999999998,,,,0.0
2019-05-15,,0.0846666666666666,,,,0.0
2019-05-16,,12.446,,,,0.0
2019-05-17,,4.571999999999998,,,,0.0
2019-05-18,,0.3386666666666664,,,,0.0
2019-05-19,,19.558,,,,0.0
2019-05-20,,21.25133333333333,,,,0.0
2019-05-21,,9.059333333333331,,,,0.0
2019-05-22,,18.71133333333333,,,,0.0
2019-05-23,,15.070666666666664,,,,0.0
2019-05-24,,21.674666666666667,,,,0.0
2019-05-25,,15.747999999999998,,,,0.0
2019-05-26,,0.5926666666666662,,,,0.0
2019-05-27,,16.255999999999997,,,,0.0
2019-05-28,,10.413999999999998,,,,0.0
2019-05-29,,11.260666666666665,,,,0.0
2019-05-30,,10.837333333333332,,,,0.0
2019-05-31,,2.963333333333332,,,,0.0
2019-06-01,,12.276666666666662,,,,0.0
2019-06-02,,0.423333333333333,,,,0.0
2019-06-03,,0.0,,,,0.0
2019-06-04,,2.201333333333332,,,,0.0
2019-06-05,,0.0,,,,0.0
2019-06-06,,1.3546666666666665,,,,0.0
2019-06-07,,17.187333333333328,,,,0.0
2019-06-08,,1.3546666666666656,,,,0.0
2019-06-09,,0.0,,,,0.0
2019-06-10,,0.0,,,,0.0
2019-06-11,,0.0,,,,0.0
2019-06-12,,0.0,,,,0.0
2019-06-13,,7.365999999999999,,,,0.0
2019-06-14,,0.5926666666666662,,,,0.0
2019-06-15,,2.624666666666665,,,,0.0
2019-06-16,,1.1006666666666667,,,,0.0
2019-06-17,,0.0,,,,0.0
2019-06-18,,0.0,,,,0.0
2019-06-19,,0.0,,,,0.0
2019-06-20,,0.0,,,,0.0
2019-06-21,,0.0,,,,0.0
2019-06-22,,0.0,,,,0.0
2019-06-23,,0.0,,,,0.0
2019-06-24,,0.0,,,,0.0
2019-06-25,,0.0,,,,0.0
2019-06-26,,0.0,,,,0.0
2019-06-27,,0.0,,,,0.0
2019-06-28,,0.0,,,,0.0
2019-06-29,,0.0,,,,0.0
2019-06-30,,0.0,,,,0.0
2019-07-01,,4.910666666666665,,,,0.0
2019-07-02,,17.18733333333333,,,,0.0
2019-07-03,,15.748,,,,0.0
2019-07-04,,0.0,,,,0.0
2019-07-05,,15.917333333333334,,,,0.0
2019-07-06,,0.0,,,,0.0
2019-07-07,,0.0,,,,0.0
2019-07-08,,0.3386666666666664,,,,0.0
2019-07-09,,3.2173333333333325,,,,0.0
2019-07-10,,0.5079999999999996,,,,0.0
2019-07-11,,3.555999999999999,,,,0.369137
2019-07-12,,0.0,,,,0.0
2019-07-13,,10.413999999999998,,,,0.0
2019-07-14,,14.985999999999997,,,,0.0
2019-07-15,,9.482666666666665,,,,0.0
2019-07-16,,1.947333333333333,,,,0.0
2019-07-17,,0.0,,,,0.0
2019-07-18,,0.0,,,,0.369137
2019-07-19,,0.5926666666666662,,,,0.0
2019-07-20,,0.0,,,,0.0
2019-07-21,,2.031999999999999,,,,0.0
2019-07-22,,0.5079999999999997,,,,0.0
2019-07-23,,14.562666666666665,,,,0.0
2019-07-24,,1.1006666666666658,,,,0.0
2019-07-25,,11.430000000000001,,,,0.0
2019-07-26,,0.0,,,,0.0
2019-07-27,,0.0,,,,0.0
2019-07-28,,0.0,,,,0.0
2019-07-29,,0.0,,,,0.0
2019-07-30,,1.777999999999999,,,,0.0
2019-07-31,,0.0,,,,0.0
2019-08-01,,0.0,,,,0.0
2019-08-02,,3.9793333333333325,,,,0.0
2019-08-03,,0.0,,,,0.0
2019-08-04,,0.0,,,,0.0
2019-08-05,,0.0,,,,0.0
2019-08-06,,0.0,,,,0.0
2019-08-07,,0.0,,,,0.0
2019-08-08,,0.0,,,,0.0
2019-08-09,,0.0,,,,0.0
2019-08-10,,0.0,,,,0.0
2019-08-11,,0.0,,,,0.0
2019-08-12,,0.0,,,,0.0
2019-08-13,,0.5079999999999997,,,,0.0
2019-08-14,,0.0,,,,0.0
2019-08-15,,0.0,,,,0.0
2019-08-16,,1.0159999999999993,,,,0.0
2019-08-17,,0.8466666666666666,,,,0.0
2019-08-18,,1.1006666666666658,,,,0.0
2019-08-19,,0.0,,,,0.0
2019-08-20,,0.0,,,,0.0
2019-08-21,,0.0,,,,5.53706
2019-08-22,,0.0,,,,0.0
2019-08-23,,0.0,,,,6.275327
2019-08-24,,0.0,,,,0.0
2019-08-25,,0.0,,,,0.0
2019-08-26,,0.0,,,,0.0
2019-08-27,,0.0,,,,0.0
2019-08-28,,0.0,,,,0.0
2019-08-29,,0.0,,,,0.0
2019-08-30,,0.0,,,,0.0
2019-08-31,,0.0,,,,0.0
2019-09-01,,1.8626666666666656,,,,0.0
2019-09-02,,4.318,,,,0.0
2019-09-03,,0.0,,,,0.0
2019-09-04,,0.0,,,,0.0
2019-09-05,,0.0,,,,0.0
2019-09-06,,6.688666666666666,,,,0.0
2019-09-07,,0.0,,,,0.0
2019-09-08,,0.0,,,,0.0
2019-09-09,,0.0,,,,0.0
2019-09-10,,0.0,,,,0.0
2019-09-11,,0.3386666666666664,,,,0.0
2019-09-12,,2.624666666666666,,,,0.0
2019-09-13,,9.482666666666665,,,,0.0
2019-09-14,,0.0,,,,0.0
2019-09-15,,0.0,,,,0.0
2019-09-16,,12.445999999999998,,,,0.0
2019-09-17,,2.116666666666666,,,,0.0
2019-09-18,,18.711333333333332,,,,0.0
2019-09-19,,11.683999999999997,,,,0.0
2019-09-20,,2.7939999999999983,,,,0.0
2019-09-21,,0.7619999999999993,,,,0.0
2019-09-22,,9.144,,,,0.0
2019-09-23,,1.5239999999999991,,,,0.0
2019-09-24,,0.0,,,,0.0
2019-09-25,,17.017999999999997,,,,0.0
2019-09-26,,13.800666666666663,,,,0.0
2019-09-27,,0.0,,,,0.0
2019-09-28,,1.4393333333333327,,,,0.0
2019-09-29,,0.0,,,,0.0
2019-09-30,,0.0,,,,0.0
2019-10-01,,6.434666666666665,,,,0.0
2019-10-02,,0.2539999999999998,,,,0.0
2019-10-03,,4.826,,,,0.0
2019-10-04,,0.0,,,,0.0
2019-10-05,,17.78,,,,0.0
2019-10-06,,0.0,,,,0.0
2019-10-07,,0.7619999999999995,,,,0.0
2019-10-08,,4.402666666666666,,,,0.0
2019-10-09,,0.0,,,,0.0
2019-10-10,,0.5079999999999996,,,,0.0
2019-10-11,,2.8786666666666654,,,,0.0
2019-10-12,,9.397999999999998,,,,0.0
2019-10-13,,7.1966666666666645,,,,0.0
2019-10-14,,6.51933333333333,,,,0.0
2019-10-15,,1.7779999999999991,,,,0.0
2019-10-16,,0.0,,,,0.0
2019-10-17,,0.0,,,,0.0
2019-10-18,,7.789333333333332,,,,0.0
2019-10-19,,5.418666666666667,,,,0.0
2019-10-20,,2.455333333333332,,,,0.0
2019-10-21,,7.873999999999998,,,,11.074117
2019-10-22,,12.530666666666667,,,,0.0
2019-10-23,,10.159999999999997,,,,0.0
2019-10-24,,16.509999999999998,,,,0.0
2019-10-25,,0.5926666666666662,,,,0.0
2019-10-26,,2.2859999999999987,,,,0.0
2019-10-27,,13.546666666666665,,,,0.0
2019-10-28,,0.5079999999999996,,,,0.0
2019-10-29,,10.837333333333332,,,,0.0
2019-10-30,,3.386666666666664,,,,0.0
2019-10-31,,9.567333333333332,,,,0.0
2019-11-01,,17.441333333333333,,,,0.0
2019-11-02,,0.0,,,,0.0
2019-11-03,,0.0,,,,0.0
2019-11-04,,0.0,,,,0.0
2019-11-05,,0.0,,,,0.0
2019-11-06,,0.762,,,,0.0
2019-11-07,,0.0,,,,0.0
2019-11-08,,1.2699999999999991,,,,0.0
2019-11-09,,0.0,,,,0.0
2019-11-10,,1.2699999999999998,,,,0.0
2019-11-11,,7.619999999999997,,,,0.0
2019-11-12,,27.177999999999994,,,,0.0
2019-11-13,,1.6086666666666645,,,,0.0
2019-11-14,,14.223999999999993,,,,0.0
2019-11-15,,10.244666666666664,,,,0.0
2019-11-16,,0.0,,,,0.0
2019-11-17,,0.2539999999999998,,,,0.0
2019-11-18,,0.0,,,,0.0
2019-11-19,,0.0,,,,0.0
2019-11-20,,0.2539999999999998,,,,0.0
2019-11-21,,0.2539999999999998,,,,14.396374
2019-11-22,,4.825999999999997,,,,0.0
2019-11-23,,1.0159999999999985,,,,0.0
2019-11-24,,0.0,,,,0.0
2019-11-25,,0.0,,,,0.369137
2019-11-26,,0.0,,,,2.9530969999999996
2019-11-27,,0.1693333333333332,,,,1.107411
2019-11-28,,0.4233333333333327,,,,0.0
2019-11-29,,0.0,,,,0.0
2019-11-30,,0.0,,,,0.0
2019-12-01,,0.0,,,,0.0
2019-12-02,,0.0,,,,0.0
2019-12-03,,0.0,,,,0.0
2019-12-04,,0.0,,,,0.0
2019-12-05,,0.0,,,,0.369137
2019-12-06,,0.0,,,,0.0
2019-12-07,,0.0,,,,0.0
2019-12-08,,0.0,,,,0.0
2019-12-09,,0.0,,,,2.583964
2019-12-10,,0.0,,,,0.0
2019-12-11,,0.0,,,,0.0
2019-12-12,,0.0,,,,0.0
2019-12-13,,0.0,,,,0.0
2019-12-14,,0.0,,,,0.0
2019-12-15,,0.0,,,,0.0
2019-12-16,,0.0,,,,0.0
2019-12-17,,0.0,,,,0.0
2019-12-18,,0.0,,,,1.845684
2019-12-19,,0.0,,,,9.59757
2019-12-20,,0.0,,,,26.577872
2019-12-21,,0.0,,,,5.537054
2019-12-22,,0.0,,,,0.0
2019-12-23,,0.0,,,,2.21482
2019-12-24,,0.0,,,,10.704975
2019-12-25,,0.0,,,,15.50372
2019-12-26,,2.539999999999999,,,,0.0
2019-12-27,,0.0,,,,0.0
2019-12-28,,0.0,,,,4.06051
2019-12-29,,0.0,,,,16.61122
2019-12-30,,0.0,,,,0.0
2019-12-31,,0.0,,,,0.0
2020-01-01,,0.0,,,,0.0
2020-01-02,,0.0,,,,0.0
2020-01-03,,0.0,,,,9.59757
2020-01-04,,0.0,,,,19.564252
2020-01-05,,0.0,,,,18.456821
2020-01-06,,0.0,,,,24.73218
2020-01-07,,0.0,,,,3.3222300000000002
2020-01-08,,0.0,,,,1.84569
2020-01-09,,0.0,,,,0.0
2020-01-10,,0.0,,,,0.0
2020-01-11,,0.0,,,,0.0
2020-01-12,,0.0,,,,0.0
2020-01-13,,0.0,,,,0.0
2020-01-14,,0.0,,,,0.0
2020-01-15,,0.0,,,,0.0
2020-01-16,,0.0,,,,0.0
2020-01-17,,0.0,,,,0.0
2020-01-18,,0.0,,,,0.0
2020-01-19,,0.0,,,,0.0
2020-01-20,,0.0,,,,0.0
2020-01-21,,49.69933333333333,,,,0.0
2020-01-22,,3.0479999999999956,,,,0.0
2020-01-23,,0.2539999999999998,,,,0.0
2020-01-24,,0.0,,,,0.0
2020-01-25,,0.0,,,,0.0
2020-01-26,,0.0,,,,0.0
2020-01-27,,0.0,,,,0.0
2020-01-28,,0.0,,,,0.0
2020-01-29,,0.0,,,,0.0
2020-01-30,,0.0,,,,0.0
2020-01-31,,0.0,,,,0.0
2020-02-01,,0.0,,,,0.0
2020-02-02,,4.063999999999997,,,,0.0
2020-02-03,,0.0,,,,0.0
2020-02-04,,0.0,,,,0.0
2020-02-05,,0.0,,,,0.0
2020-02-06,,0.0,,,,0.0
2020-02-07,,0.0,,,,0.0
2020-02-08,,0.0,,,,0.0
2020-02-09,,0.0,,,,12.9198
2020-02-10,,0.0,,,,0.0
2020-02-11,,0.0,,,,0.0
2020-02-12,,0.0,,,,0.0
2020-02-13,,0.0,,,,0.0
2020-02-14,,1.1006666666666658,,,,0.0
2020-02-15,,3.5559999999999956,,,,0.0
2020-02-16,,0.0,,,,0.0
2020-02-17,,0.3386666666666658,,,,0.0
2020-02-18,,0.0,,,,0.0
2020-02-19,,3.8946666666666627,,,,0.0
2020-02-20,,2.20133333333333,,,,0.0
2020-02-21,,26.75466666666666,,,,0.0
2020-02-22,,2.6246666666666587,,,,0.0
2020-02-23,,0.0,,,,0.0
2020-02-24,,0.0,,,,0.0
2020-02-25,,0.0,,,,0.0
2020-02-26,,0.0,,,,0.0
2020-02-27,,0.0,,,,0.0
2020-02-28,,0.0,,,,0.0
2020-02-29,,0.2539999999999998,,,,0.0
2020-03-01,,0.0,,,,0.0
2020-03-02,,0.2539999999999998,,,,0.0
2020-03-03,,2.370666666666663,,,,0.0
2020-03-04,,2.1166666666666645,,,,0.0
2020-03-05,,0.0,,,,0.0
2020-03-06,,0.0,,,,0.0
2020-03-07,,0.0,,,,0.0
2020-03-08,,0.0,,,,0.0
2020-03-09,,0.0,,,,0.0
2020-03-10,,42.079333333333324,,,,0.0
2020-03-11,60.00371429,0.0,,,,0.0
2020-03-12,59.52358870875,2.031999999999998,,,,0.0
2020-03-13,56.28945022833333,0.0,,,,0.0
2020-03-14,51.011187542916666,0.0,,,,0.0
2020-03-15,50.289539538750006,0.0,,,,0.0
2020-03-16,50.00763020833333,0.0,,,,0.0
2020-03-17,49.87677083333333,0.0,,,,0.0
2020-03-18,49.74299768583333,0.0,,,,0.0
2020-03-19,53.14035301083333,22.351999999999993,,,,0.0
2020-03-20,61.65970486208333,0.5079999999999998,,,,0.0
2020-03-21,61.73137152916666,0.4233333333333318,,,,0.0
2020-03-22,61.258697913333336,7.196666666666662,,,,0.0
2020-03-23,59.63660300625,0.0,,,,0.0
2020-03-24,56.60455150208333,0.0,1.76,-0.6081686962805787,33.87,0.0
2020-03-25,53.90936921125,0.0,1.76,-0.6086666820425296,33.87,0.0
2020-03-26,53.339140890416665,0.0,1.76,-0.609330919322847,33.87,0.0
2020-03-27,53.06351957166667,0.0,1.7474479166666665,-0.5882652254678106,31.723055555555558,0.0
2020-03-28,52.787931131250005,0.0,1.7455763888888889,-0.5501493055555555,28.52615625,0.0
2020-03-29,52.60637731291667,0.0,1.729527777777778,-0.5278541666666666,26.709083333333336,0.0
2020-03-30,52.42564525416667,0.9313333333333313,1.7357500000000001,-0.5490729166666667,27.44649652777778,0.0
2020-03-31,52.380918692916666,7.11199999999999,1.7251666666666665,-0.5463541666666666,26.566850694444444,0.0
2020-04-01,51.51236981291667,8.46666666666665,1.7022638888888888,-0.5271041666666666,25.021697916666668,0.0
2020-04-02,50.04161700208333,0.0,1.7546666666666668,-0.5579375,28.63789583333333,0.0
2020-04-03,51.71270016041667,0.0,1.7539652777777777,-0.5539340277777778,29.173253472222225,0.0
2020-04-04,51.49970909333334,2.4553333333333294,1.7702285920672445,-0.5758394158786446,31.497615781783555,0.0
2020-04-05,51.53780049125,0.5079999999999978,1.776604741266089,-0.6000772507880221,32.890325190438666,0.0
2020-04-06,52.624397725416664,1.354666666666666,1.7304340277777779,-0.5344166666666667,27.350427083333333,0.0
2020-04-07,52.52369278375,0.0,1.7537291666666668,-0.5565243055555555,29.68016666666667,0.0
2020-04-08,52.39832048833333,1.862666666666663,1.759017361111111,-0.5506666666666666,29.427131944444444,0.0
2020-04-09,52.21649956416667,3.894666666666659,1.7593958333333333,-0.5288680555555555,27.554989583333334,0.0
2020-04-10,53.95921633625,0.0,1.748684027777778,-0.5456597222222223,27.303329861111113,0.0
2020-04-11,59.04377242416667,18.118666666666655,1.7515625000000001,-0.5564618055555556,26.915722222222225,0.0
2020-04-12,60.27211710458333,0.0,1.7961875,-0.5573229166666667,28.1975,0.0
2020-04-13,60.16447912500001,5.841999999999996,1.776548611111111,-0.5432951388888889,26.59504861111111,0.0
2020-04-14,58.856285326666665,0.0,1.7355694444444445,-0.5409131944444444,25.45134722222222,0.0
2020-04-15,54.38807812291666,0.0,1.7264652777777778,-0.5604201388888889,26.53957986111111,0.0
2020-04-16,53.06887530708333,0.0,1.7338229166666668,-0.5542256944444445,26.703131944444447,0.0
2020-04-17,52.83304649666667,0.0,1.7402743055555556,-0.5554409722222222,26.16095833333333,0.0
2020-04-18,52.481298823749995,1.3546666666666634,1.7157256944444443,-0.5526875,24.66399652777778,0.0
2020-04-19,51.89445997333333,4.995333333333325,1.7269305555555556,-0.5604652777777778,23.931895833333332,0.0
2020-04-20,51.86727646583333,0.8466666666666658,1.7593993055555555,-0.58021875,26.007291666666664,0.0
2020-04-21,51.925927585000004,7.450666666666656,1.7439652777777779,-0.5494583333333334,24.145979166666667,0.0
2020-04-22,52.05134362458333,4.741333333333328,1.7727986111111111,-0.5653090277777778,26.190430555555555,0.0
2020-04-23,56.37908307833333,7.958666666666657,1.783204861111111,-0.5515625000000001,25.57126736111111,0.0
2020-04-24,60.21452112083333,26.58533333333332,1.756076388888889,-0.5685,25.779913194444447,0.0
2020-04-25,60.046507525,0.0,1.774125,-0.5743680555555556,25.61873263888889,0.0
2020-04-26,57.75358072666667,0.0,1.8323854166666667,-0.5939930555555556,28.11804513888889,0.0
2020-04-27,54.73284143708333,4.741333333333331,1.8352569444444444,-0.581954861111111,27.13265972222222,0.0
2020-04-28,59.07118539374999,10.244666666666657,1.8326805555555554,-0.5859027777777778,26.61063888888889,0.0
2020-04-29,59.866640384583334,9.143999999999997,1.8460625000000002,-0.5876423611111111,26.687149305555554,0.0
2020-04-30,60.09023581875,0.0,1.8108368055555557,-0.5913784722222223,25.299364583333332,0.0
2020-05-01,60.21640769583333,5.164666666666664,1.8644166666666668,-0.6040520833333334,26.51688888888889,0.0
2020-05-02,59.310940395416665,2.031999999999998,1.896972222222222,-0.604013888888889,27.815298611111107,0.0
2020-05-03,55.93129268083334,0.0,1.8585555555555555,-0.5952604166666667,26.570531250000002,0.0
2020-05-04,52.716856195000005,1.4393333333333311,1.8785590277777777,-0.6206666666666666,28.74887847222222,0.0
2020-05-05,52.20564308666667,3.217333333333329,1.903201388888889,-0.6060868055555556,28.90579166666667,1.10741
2020-05-06,52.14648003333333,1.5239999999999978,1.9035833333333334,-0.5866076388888889,28.059572916666667,0.0
2020-05-07,52.19107928541667,0.3386666666666658,1.8748680555555557,-0.5983055555555555,27.932996527777778,0.0
2020-05-08,52.12499204375,0.0,1.8891631944444445,-0.6135763888888889,28.478770833333332,0.0
2020-05-09,51.98775079791667,0.0,1.9246006944444443,-0.6223611111111111,29.386690972222222,0.0
2020-05-10,51.76168729291666,0.0,1.924048611111111,-0.6106666666666667,28.77598263888889,0.0
2020-05-11,51.311862831250004,0.8466666666666638,1.8856770833333334,-0.5949305555555555,26.64464236111111,0.0
2020-05-12,51.063947725,0.0,1.8932881944444444,-0.6074965277777777,27.357649305555555,0.0
2020-05-13,50.97488522166667,0.5079999999999996,1.927451388888889,-0.5957847222222222,27.394388888888887,0.0
2020-05-14,50.93973886125,0.0,1.9092881944444444,-0.6079826388888889,28.555600694444447,0.0
2020-05-15,50.87444937541667,0.0,1.899715277777778,-0.6022673611111111,28.276225694444445,0.0
2020-05-16,50.779966625,4.48733333333333,1.9027604166666665,-0.6154236111111111,29.20991666666667,0.0
2020-05-17,50.73145689958333,2.539999999999994,1.8759236111111113,-0.6044618055555556,27.601576388888887,0.0
2020-05-18,51.71047658416666,1.3546666666666636,1.8625069444444444,-0.609451388888889,28.757638888888888,0.369137
2020-05-19,55.57356893833334,22.690666666666658,1.80634375,-0.5585034722222223,24.16751736111111,0.0
2020-05-20,58.911533725,0.0,1.8466875,-0.5923125,27.456607638888887,0.0
2020-05-21,56.513870562499996,0.0,1.8822534722222224,-0.5912743055555555,28.8774375,0.0
2020-05-22,51.801203219166666,0.0,1.857347222222222,-0.5895347222222223,28.73640625,0.0
2020-05-23,51.25075930958334,0.0,1.8702569444444446,-0.5864548611111111,28.47139236111111,0.0
2020-05-24,51.000663098749996,0.0,1.9023333333333332,-0.5991979166666667,30.513038194444444,0.0
2020-05-25,50.89221354458333,0.0,1.881326388888889,-0.5915416666666666,29.44672222222222,0.0
2020-05-26,50.795376884166664,0.0,1.8656805555555556,-0.6037986111111111,30.283649305555556,0.0
2020-05-27,50.703463061250005,7.196666666666652,1.833982638888889,-0.5774270833333334,27.342260416666665,0.0
2020-05-28,50.56362268583334,3.8099999999999916,1.8018333333333334,-0.5789895833333333,24.568923611111114,0.0
2020-05-29,51.88427155958333,2.7939999999999943,1.8042222222222222,-0.58928125,25.11051388888889,0.0
2020-05-30,56.54518446625,32.00399999999998,1.8219930555555557,-0.5809131944444444,23.88254513888889,0.0
2020-05-31,59.45192130041667,4.317999999999997,1.8403055555555554,-0.5975,24.268767361111113,0.0
2020-06-01,59.30486012708333,3.7253333333333267,1.8635520833333334,-0.6241597222222222,26.882006944444445,0.0
2020-06-02,57.52747386625,0.0,1.8824583333333333,-0.6127152777777778,26.040104166666666,0.0
2020-06-03,53.167331985000004,4.995333333333328,1.8646423611111114,-0.591298611111111,22.706093749999997,0.0
2020-06-04,51.698977899166664,0.0,1.9199479166666666,-0.6288819444444445,27.20386111111111,0.0
2020-06-05,51.383103541249994,2.116666666666664,1.9515694444444442,-0.6077534722222222,27.469631944444444,0.0
2020-06-06,51.11588261583333,2.8786666666666587,1.9106041666666667,-0.5936840277777778,25.009180555555556,0.0
2020-06-07,50.84274041041667,0.0,1.9162673611111112,-0.6283090277777778,27.998,0.0
2020-06-08,50.56520449958333,0.5079999999999978,1.9269583333333333,-0.6065416666666666,28.08087847222222,0.0
2020-06-09,51.27137963333333,11.937999999999994,1.9193888888888886,-0.6043611111111111,25.935538194444444,0.0
2020-06-10,53.24066936916667,2.0319999999999956,1.8928402777777775,-0.6060416666666667,23.343496527777777,0.0
2020-06-11,54.91496481916667,3.4713333333333294,1.8804756944444445,-0.6291041666666667,25.264274305555556,0.0
2020-06-12,55.69055101166666,0.4233333333333325,1.8433958333333333,-0.6219652777777778,23.400447916666668,0.0
2020-06-13,56.36301035916667,0.0,1.91040625,-0.6492222222222223,25.77201736111111,0.0
2020-06-14,57.93933364541667,0.0,1.935204861111111,-0.6464826388888888,26.525020833333333,0.0
2020-06-15,56.288846335833334,0.0,1.925517361111111,-0.6439583333333333,25.88467361111111,0.0
2020-06-16,55.4413143475,26.669999999999987,1.9567326388888888,-0.6484895833333333,26.65663888888889,0.0
2020-06-17,60.94448048916667,8.297333333333327,1.9438368055555555,-0.6256944444444444,23.79019097222222,0.0
2020-06-18,62.17503948875,0.0,1.9169583333333333,-0.6803159722222222,26.271704861111115,0.0
2020-06-19,62.00203436458334,3.640666666666664,1.9286631944444446,-0.6761701388888889,26.395385416666667,0.0
2020-06-20,61.01774693916666,19.811999999999973,1.9466319444444444,-0.6529027777777777,25.88353125,0.0
2020-06-21,61.06725832875,2.7093333333333183,1.9706805555555553,-0.6650729166666667,26.066444444444443,0.0
2020-06-22,60.90829716416667,2.285999999999985,1.973892361111111,-0.6738298611111112,26.229753472222225,0.369137
2020-06-23,59.95269488333333,0.0,1.9699652777777779,-0.6816770833333333,26.741472222222225,0.738274
2020-06-24,56.45827153291667,0.0,1.9388194444444444,-0.6772986111111111,25.485812499999998,0.738274
2020-06-25,52.947916273333334,1.3546666666666567,1.9455486111111113,-0.6900520833333333,26.770475694444446,56.477999
2020-06-26,54.1156907,4.6566666666666405,1.9486875000000001,-0.6805069444444444,26.573069444444442,255.442882
2020-06-27,58.68847294666667,3.640666666666638,1.9497465277777775,-0.6815555555555556,26.475923611111114,40.974217
2020-06-28,60.95304658166666,10.413999999999929,1.9445243055555554,-0.6706944444444445,24.648722222222222,78.626204
2020-06-29,60.9486482275,0.507999999999996,1.971753472222222,-0.6910347222222222,26.487454861111114,0.0
2020-06-30,60.9887363,0.253999999999998,1.9736493055555557,-0.6921423611111112,27.1865,0.0
2020-07-01,61.25150952291666,0.0,1.969045138888889,-0.6865381944444445,26.032597222222222,0.0
2020-07-02,61.45970881583334,0.0,1.9665069444444443,-0.6978159722222222,26.20692361111111,0.0
2020-07-03,61.68985992583334,5.50333333333333,1.9413576388888887,-0.717363425925926,27.204379629629628,7.01361
2020-07-04,61.84624276541667,33.104666666666674,1.9198576388888888,-0.6898587962962964,24.872842592592594,45.773069
2020-07-05,61.860416666666666,4.910666666666669,1.9125763888888887,-0.6979409722222223,24.201552083333336,0.0
2020-07-06,61.774492187499995,1.608666666666669,1.908582175925926,-0.7118946759259259,25.438258101851854,0.0
2020-07-07,61.68384620916667,4.656666666666671,1.945870559334845,-0.7601695956160243,29.702961569349963,0.0
2020-07-08,61.68657609458333,10.752666666666673,1.9232625425170067,-0.7478003117913832,28.264558106575965,0.0
2020-07-09,61.79737004958334,3.471333333333337,1.9667465277777778,-0.7247673611111112,26.77984722222222,0.0
2020-07-10,61.7824016175,2.2860000000000014,1.9890902777777777,-0.7138645833333334,26.408541666666665,0.0
2020-07-11,61.81390841666666,15.24000000000001,1.9416770833333334,-0.7060486111111112,24.801263888888887,0.0
2020-07-12,61.811080004999994,1.7780000000000016,1.9251250000000002,-0.7031041666666668,25.50079861111111,0.0
2020-07-13,61.857511737500005,10.922000000000008,1.9171232638888889,-0.7268975694444445,26.889161458333334,0.0
2020-07-14,62.22485055458334,8.890000000000006,1.9428993055555555,-0.7145677083333334,26.172975694444446,0.0
2020-07-15,61.034060269166666,0.0,1.9301128472222222,-0.7075277777777779,25.350046875,0.0
2020-07-16,56.82952154416667,0.0,1.953611111111111,-0.7361875000000001,26.71655208333333,0.0
2020-07-17,56.458970376249994,0.0,1.9742152777777777,-0.7491319444444445,28.0499375,0.0
2020-07-18,54.42021411541666,0.0846666666666669,2.0064131944444443,-0.7411909722222223,28.600229166666665,0.0
2020-07-19,52.400166049166664,0.1693333333333338,2.027416666666667,-0.7361562500000001,29.009666666666664,0.0
2020-07-20,53.016186410416665,1.0159999999999998,1.9855347222222222,-0.7266631944444444,27.592267361111112,0.0
2020-07-21,54.82000285541667,10.583333333333334,1.962048611111111,-0.7352083333333334,27.57862152777778,4.06051
2020-07-22,60.43907764708334,5.672666666666666,1.943392361111111,-0.7288645833333334,26.01573263888889,0.0
2020-07-23,61.493857058749995,17.86466666666667,1.9211180555555556,-0.7374826388888889,24.803493055555553,0.0
2020-07-24,61.854628905,34.20533333333334,1.9341701388888888,-0.7225833333333332,23.21047916666667,0.0
2020-07-25,61.894825260416674,8.80533333333334,1.9630868055555555,-0.7334965277777777,24.143767361111113,0.0
2020-07-26,61.85540792916667,0.33866666666666745,1.9650729166666665,-0.7731041666666667,26.100715277777777,0.0
2020-07-27,61.81321801625,13.292666666666664,1.9819513888888889,-0.7708194444444444,26.352381944444446,0.0
2020-07-28,61.74455977624999,6.604000000000002,2.0041805555555556,-0.7688090277777778,27.80722916666667,0.0
2020-07-29,61.58709997291666,1.185333333333333,2.0132430555555554,-0.7749444444444444,28.33152777777778,0.0
2020-07-30,61.1809044325,0.0,1.9771145833333332,-0.7668680555555555,26.88554513888889,0.0
2020-07-31,58.84899167249999,0.0,1.999503472222222,-0.7756701388888888,28.191993055555557,0.0
2020-08-01,54.13660107833333,1.9473333333333345,1.999746527777778,-0.7631701388888888,27.24536458333333,16.24204
2020-08-02,53.207088158333335,0.0,2.0010625,-0.7851840277777778,27.902756944444445,16.611176
2020-08-03,52.8786166575,0.0,1.9853993055555554,-0.7799305555555556,27.188000000000002,1.845687
2020-08-04,52.60855734041667,0.5926666666666673,1.9905659722222222,-0.77771875,27.260392361111112,2.214824
2020-08-05,52.31967544291666,0.0,2.005611111111111,-0.7841284722222222,27.747805555555555,0.0
2020-08-06,52.129363665,0.0,2.0131875,-0.791204861111111,27.890322916666666,0.0
2020-08-07,51.79053626458333,0.0,2.011746527777778,-0.7890451388888889,27.690472222222223,0.0
2020-08-08,51.243592542500004,0.0,2.023809027777778,-0.79959375,28.992829861111108,0.0
2020-08-09,50.80062034708333,0.0,2.0217916666666667,-0.7959444444444445,28.608694444444442,0.0
2020-08-10,50.41555855875,0.0,2.03865625,-0.787954861111111,28.147201388888888,0.0
2020-08-11,50.215920383749996,0.0,2.045797762784091,-0.8315960911195286,31.89859563078703,37.651981
2020-08-12,52.697195969166664,0.0,2.018122376104798,-0.8310948811026936,31.38218214699074,0.0
2020-08-13,59.33925716083334,5.842,1.9831874999999999,-0.7756666666666666,26.592145833333333,0.0
2020-08-14,60.70576013374999,0.0,1.9905520833333332,-0.7735173611111111,26.20526736111111,0.0
2020-08-15,60.83827824958333,0.0,1.9786979166666665,-0.7950347222222223,27.462336805555555,0.0
2020-08-16,60.91793889041666,0.0,2.00140625,-0.7783159722222223,25.903288194444443,0.0
2020-08-17,61.02179760125,11.345333333333334,2.003246527777778,-0.7795555555555556,25.751454861111114,0.0
2020-08-18,60.941517294166665,1.1853333333333325,1.9715277777777775,-0.7998229166666667,26.442149305555557,0.0
2020-08-19,61.20096215166666,7.027333333333334,1.984,-0.7967916666666667,26.18448263888889,0.0
2020-08-20,62.210816443750005,17.18733333333333,1.9824131944444445,-0.7921180555555556,25.578833333333336,0.0
2020-08-21,62.79999999999999,0.5926666666666677,2.0028680555555556,-0.7932743055555554,26.26292361111111,0.0
2020-08-22,62.79999999999999,7.620000000000002,2.0185416666666667,-0.7689930555555556,24.672520833333333,0.0
2020-08-23,62.79999999999999,1.6086666666666682,2.018736111111111,-0.7721215277777778,24.98346875,0.0
2020-08-24,62.79999999999999,11.091333333333338,1.9743229166666667,-0.7890416666666668,24.506909722222222,0.0
2020-08-25,62.39352564208333,30.649333333333335,2.0155902777777777,-0.7979722222222222,24.843354166666668,0.0
2020-08-26,61.43257780916666,16.93333333333333,2.0583298611111114,-0.7844826388888889,24.43341666666667,13.28894
2020-08-27,61.733208915000006,0.0,2.0523784722222222,-0.7928263888888889,25.42685763888889,0.0
2020-08-28,62.45203964375,11.768666666666666,2.0570520833333332,-0.8144618055555556,27.019927083333332,0.0
2020-08-29,62.79999999999999,0.0,2.0304687500000003,-0.7876631944444444,24.578041666666667,0.0
2020-08-30,62.600817954583334,0.0,2.010173611111111,-0.8043020833333334,24.890694444444446,0.0
2020-08-31,61.63107039416666,7.112000000000001,2.016548611111111,-0.8063993055555555,25.514534722222223,0.0
2020-09-01,59.96788974374999,13.03866666666667,2.0167569444444444,-0.7983368055555555,24.86017013888889,0.0
2020-09-02,58.57389704791667,0.5926666666666659,2.0213715277777777,-0.8019305555555555,24.52478125,0.0
2020-09-03,57.597903360416666,74.422,2.0087743055555554,-0.78803125,24.123555555555555,0.0
2020-09-04,56.93137889291667,23.11400000000002,2.0321944444444444,-0.788517361111111,25.1015625,0.0
2020-09-05,56.921794168333335,10.329333333333349,2.0674756944444446,-0.8410104166666666,27.998104166666664,0.0
2020-09-06,55.400292431249994,13.800666666666682,2.017982638888889,-0.8452708333333333,26.129208333333334,0.0
2020-09-07,58.374869920416664,5.588000000000009,2.0159791666666664,-0.8559305555555556,25.594975694444443,0.0
2020-09-08,59.988974568749995,9.228666666666681,2.042267361111111,-0.8487777777777779,24.030013888888888,0.0
2020-09-09,58.3676758875,0.0,2.069503472222222,-0.8809652777777778,26.04182638888889,0.0
2020-09-10,58.317342830833326,9.736666666666677,2.0546527777777777,-0.8943298611111111,26.995670138888887,0.0
2020-09-11,59.784693168333334,0.3386666666666688,2.0681527777777777,-0.9062152777777778,27.960041666666665,0.0
2020-09-12,59.05291922541667,16.59466666666668,2.030708333333333,-0.8828159722222222,24.930711805555557,0.0
2020-09-13,55.68345861166667,3.5560000000000076,2.055642361111111,-0.9208263888888889,28.04409027777778,0.0
2020-09-14,60.157487291666676,0.0,2.073451388888889,-0.9201180555555556,28.418739583333334,0.0
2020-09-15,60.439948402916656,3.4713333333333423,2.079236111111111,-0.89046875,26.16411805555556,0.0
2020-09-16,59.780531097083326,1.608666666666672,2.068079861111111,-0.8998784722222223,26.607833333333332,0.0
2020-09-17,59.435363378333335,1.270000000000003,2.024548611111111,-0.899545138888889,25.643430555555554,0.0
2020-09-18,59.93562798541667,16.42533333333336,2.0678125,-0.916611111111111,27.089027777777776,0.0
2020-09-19,59.63499020875,1.3546666666666718,2.072357638888889,-0.9034305555555555,26.008569444444447,0.0
2020-09-20,58.5125091775,13.631333333333341,2.0463437499999997,-0.90584375,24.82104861111111,0.0
2020-09-21,56.472724480416666,1.6933333333333374,2.10015625,-0.9266423611111111,27.175055555555556,0.0
2020-09-22,59.08960704708333,2.0320000000000062,2.0947291666666668,-0.9245277777777777,28.07251041666667,0.0
2020-09-23,58.194081841666666,0.4233333333333348,2.074614583333333,-0.9325138888888889,27.321336805555557,0.0
2020-09-24,58.781246916666674,2.709333333333344,2.104204861111111,-0.9498159722222222,28.961784722222223,0.0
2020-09-25,60.39412320458334,0.0,2.0914756944444446,-0.9271041666666666,27.54869791666667,0.0
2020-09-26,61.72016899541667,3.0480000000000054,2.115381944444444,-0.9166041666666667,26.14975347222222,0.0
2020-09-27,61.75790934,0.0,2.108107638888889,-0.9348680555555555,26.314239583333332,0.0
2020-09-28,60.954800309999996,0.0,2.1083333333333334,-0.9570347222222222,27.618791666666667,0.0
2020-09-29,57.55039455208334,2.7940000000000023,2.0927361111111114,-0.95759375,28.249680555555557,0.0
2020-09-30,55.270915707499995,17.35666666666668,2.067670138888889,-0.9334097222222222,26.64251388888889,0.0
2020-10-01,54.0,0.0,2.1003784722222223,-0.9434652777777778,28.705409722222225,0.0
2020-10-02,54.0,2.286000000000007,2.0516354166666666,-0.9293680555555556,25.825649305555554,0.0
2020-10-03,54.0,17.610666666666674,2.0571527777777776,-0.9302569444444444,24.845479166666667,0.0
2020-10-04,54.0,8.551333333333353,2.0721909722222223,-0.9620729166666667,26.96972222222222,0.0
2020-10-05,54.0,14.732000000000003,2.0978576388888888,-0.956861111111111,28.290788194444445,0.0
2020-10-06,54.0,3.3866666666666734,2.0891145833333336,-0.9275173611111112,25.97428125,0.0
2020-10-07,54.0,0.0,2.0983125,-0.9557326388888888,27.521027777777775,0.0
2020-10-08,54.0,0.0,2.1236527777777776,-0.9537326388888889,28.772781249999998,0.0
2020-10-09,54.010550665416666,0.592666666666668,2.1152326388888887,-0.9349131944444444,27.768295138888888,0.0
2020-10-10,54.826534379583336,0.0,2.159576388888889,-0.9413506944444445,30.436458333333334,0.0
2020-10-11,57.25822290166666,0.0,2.1245381944444444,-0.94959375,30.553861111111107,0.0
2020-10-12,58.18649882833333,0.0,2.0816354166666664,-0.9406388888888889,27.206225694444445,0.0
2020-10-13,57.50768840083333,5.757333333333353,2.086847222222222,-0.9431666666666668,25.11945833333333,0.0
2020-10-14,59.20263058083333,0.5926666666666698,2.1238241666666666,-0.9682458796296296,29.26935060185185,0.0
2020-10-15,62.79999999999999,0.0,2.1162105555555555,-0.9444242592592592,29.946707587262768,0.0
2020-10-16,62.388576029583334,0.0,2.1080104166666667,-0.9660763888888889,29.203191810885375,0.0
2020-10-17,61.800827500416666,0.0,2.0934270833333333,-0.9756458333333334,28.715427083333335,0.0
2020-10-18,62.43648656416666,0.0,2.095548611111111,-0.9633923611111112,28.3456875,0.0
2020-10-19,61.10051498916667,1.1006666666666702,2.0237916666666664,-0.9346875,24.777270833333333,0.0
2020-10-20,60.0,0.33866666666666817,2.083149305555555,-0.9646458333333334,27.80151736111111,0.0
2020-10-21,60.0,0.0,2.1233368055555557,-0.9657187500000001,27.94645486111111,0.0
2020-10-22,60.0,0.0,2.113940972222222,-0.9802118055555556,27.818628472222226,0.0
2020-10-23,60.0,28.109333333333343,2.1233888888888885,-1.0012743055555555,30.400118055555556,0.0
2020-10-24,60.0,9.059333333333356,2.107486111111111,-0.9260416666666668,25.18217361111111,0.0
2020-10-25,60.0,2.96333333333335,2.106263888888889,-0.9452152777777778,26.129638888888888,0.0
2020-10-26,60.0,0.0,2.118795138888889,-0.9423541666666667,27.875531249999998,0.0
2020-10-27,60.0,23.96066666666668,2.11159375,-0.9273750000000001,26.968829861111107,0.0
2020-10-28,60.0,0.0,2.0892881944444444,-0.9473506944444444,27.371687499999997,0.0
2020-10-29,60.0,20.40466666666669,2.0765868055555554,-0.9460243055555555,26.41802430555556,0.0
2020-10-30,60.0,0.0,2.104784722222222,-0.9580555555555555,25.994427083333335,0.0
2020-10-31,60.0,23.11400000000005,2.1516805555555556,-0.9528576388888889,26.06101388888889,0.0
2020-11-01,59.9864423475,13.462000000000048,2.135409722222222,-0.9386736111111111,26.317243055555554,0.0
2020-11-02,58.896624942083335,0.0,2.1248472222222223,-0.9612777777777778,28.551569444444443,0.0
2020-11-03,55.85328381375,5.757333333333352,2.1101770833333333,-0.9401284722222223,26.48387847222222,0.0
2020-11-04,54.743440810833334,0.7620000000000033,2.1408229166666666,-0.95025,27.069666666666667,0.0
2020-11-05,54.81930492041667,0.7620000000000067,2.122003472222222,-0.9497916666666667,25.508059027777776,0.0
2020-11-06,55.32227292625,9.482666666666677,2.123875,-0.9661249999999999,25.063437500000003,0.0
2020-11-07,56.06745709083333,20.489333333333366,2.134659722222222,-0.9840972222222222,27.665628472222224,0.0
2020-11-08,54.63303406166666,0.0,2.1185972222222222,-0.9693923611111112,27.03553819444444,0.0
2020-11-09,55.85503134708333,0.0,2.1168472222222223,-0.9487777777777778,24.994427083333335,0.0
2020-11-10,56.7946143125,5.926666666666688,2.1298125,-0.9708333333333333,25.642635416666668,0.0
2020-11-11,56.012619754999996,3.8100000000000307,2.146798611111111,-0.9629409722222223,24.29607291666667,0.0
2020-11-12,56.185295812916664,1.7780000000000145,2.1455069444444446,-0.9960868055555556,26.58663888888889,0.0
2020-11-13,56.39082418541667,34.29000000000007,2.1323680555555558,-0.9851631944444444,27.925236111111108,0.0
2020-11-14,54.4900520525,6.096000000000038,2.0909340277777777,-0.9605416666666667,25.371715277777778,0.0
2020-11-15,53.70347330916667,9.48266666666671,2.111875,-0.9889861111111111,27.41061458333333,0.0
2020-11-16,54.96159805916667,2.45533333333335,2.095645833333333,-0.9899166666666667,27.41015277777778,0.0
2020-11-17,53.062427094166665,0.0,2.0893333333333333,-0.9735902777777778,24.47013541666667,0.0
2020-11-18,55.5345054925,6.773333333333364,2.110958333333333,-1.0033194444444444,25.713291666666667,0.0
2020-11-19,55.466513319583335,0.5080000000000032,2.1469756944444445,-1.0133298611111112,27.341177083333335,0.0
2020-11-20,58.3011584075,19.050000000000008,2.162541666666667,-0.9978333333333333,26.983027777777778,0.0
2020-11-21,59.98140134041666,0.3386666666666666,2.138534722222222,-1.0092604166666665,28.793725694444444,0.0
2020-11-22,61.25974048916666,0.5080000000000021,2.137024305555556,-1.0004756944444444,28.65319444444444,0.0
2020-11-23,61.61680913125,0.0,2.1810694444444443,-1.0001666666666666,29.05146527777778,0.0
2020-11-24,62.420919975,0.0,2.174065972222222,-1.0001145833333334,28.043284722222225,0.0
2020-11-25,62.79999999999999,0.0,2.1835729166666664,-1.0162430555555555,28.85501388888889,0.0
2020-11-26,62.79999999999999,0.0,2.1991319444444444,-1.0183125,29.718354166666668,0.0
2020-11-27,62.79999999999999,7.789333333333355,2.144204861111111,-1.0053854166666667,26.886246527777775,0.0
2020-11-28,62.79999999999999,4.402666666666683,2.132767361111111,-1.0189444444444444,28.110128472222225,0.0
2020-11-29,62.16276572166666,0.0,2.142361111111111,-1.0118090277777778,28.45407986111111,0.0
2020-11-30,59.23817085625001,1.1853333333333391,2.159076388888889,-1.0102534722222223,27.514298611111112,0.0
2020-12-01,54.9605517525,2.540000000000017,2.1477881944444444,-1.0306631944444444,27.59435763888889,0.0
2020-12-02,52.021811962916665,8.128000000000029,2.1435277777777775,-1.0289444444444444,26.865881944444443,0.0
2020-12-03,49.89715858666667,11.260666666666676,2.1564722222222223,-1.0115520833333334,27.156972222222223,0.0
2020-12-04,48.7,0.0,2.187989583333333,-1.00728125,29.418354166666663,0.0
2020-12-05,49.19452607458334,0.0,2.172177083333333,-1.0042291666666667,28.024329861111113,0.0
2020-12-06,51.249967302916666,0.762000000000003,2.210236111111111,-1.03096875,29.739184027777778,0.0
2020-12-07,52.70827127333334,0.0,2.1816006944444446,-1.0192118055555555,27.845736111111112,0.0
2020-12-08,51.2503170025,0.6773333333333389,2.172972222222222,-1.027777777777778,28.57210763888889,0.0
2020-12-09,51.529216246666664,0.0,2.1394687500000003,-1.034607638888889,27.735354166666667,0.0
2020-12-10,52.9470868475,0.0,2.163215277777778,-1.055,29.96205902777778,0.0
2020-12-11,55.01314839291666,0.0,2.1763298611111113,-1.0241805555555554,29.586927083333332,0.0
2020-12-12,54.47064253166667,0.0,2.1648194444444444,-1.0149027777777777,27.442291666666666,0.0
2020-12-13,54.51901672708333,0.0,2.169552083333333,-1.0141319444444445,27.032399305555558,0.0
2020-12-14,52.895065595,0.0,2.1763819444444445,-1.034347222222222,28.117520833333334,0.0
2020-12-15,51.489239007500004,0.0,2.1548680555555557,-1.0687291666666667,28.8325,0.0
2020-12-16,51.4126933875,1.9473333333333365,2.143704861111111,-1.07509375,28.285805555555555,0.0
2020-12-17,51.18950159375,0.5926666666666723,2.1319097222222223,-1.0793125000000001,27.827399305555556,0.0
2020-12-18,50.99940876708334,0.33866666666667,2.062284722222222,-1.0666111111111112,26.05073611111111,0.0
2020-12-19,50.992908594583334,0.0,2.094777777777778,-1.0882534722222224,27.90504513888889,0.0
2020-12-20,51.231171395833336,10.329333333333352,2.1068229166666668,-1.0915000000000001,28.073743055555553,0.0
2020-12-21,51.75342471875,0.0,2.0996111111111113,-1.0792430555555557,27.669128472222223,0.0
2020-12-22,51.57387827791666,0.0,2.1050347222222223,-1.0803506944444445,27.581590277777778,0.0
2020-12-23,51.28801022416666,0.0,2.1111215277777777,-1.09465625,29.8990625,0.0
2020-12-24,51.11416106833334,0.0,2.1489409722222224,-1.0881909722222223,30.59765972222222,0.0
2020-12-25,51.06184814666667,0.0,2.085746527777778,-1.085670138888889,28.608291666666663,0.0
2020-12-26,51.28900197875,6.858000000000013,2.0774131944444445,-1.078451388888889,28.175684027777777,0.0
2020-12-27,54.373336950416665,12.192000000000016,2.0302986111111108,-1.07528125,25.985989583333335,0.0
2020-12-28,60.369258054583334,1.4393333333333385,2.074878472222222,-1.0812118055555555,28.953555555555553,0.0
2020-12-29,58.4963900925,0.0,2.0753020833333333,-1.0635,29.461652777777775,0.0
2020-12-30,53.39010837166666,0.0,2.0928506944444445,-1.0636631944444443,30.033350694444447,0.0
2020-12-31,52.15557776333333,0.508000000000001,2.069472222222222,-1.0639618055555555,29.507697916666668,0.0
2021-01-01,51.780773940833335,0.0,2.019972222222222,-1.034486111111111,24.976555555555553,0.0
2021-01-02,51.367709777916666,0.0,2.038381944444444,-1.0931805555555556,28.206152777777778,0.0
2021-01-03,51.17596933041667,0.0,2.048090277777778,-1.0858611111111112,29.403614583333333,0.0
2021-01-04,51.088081682916666,0.0,2.0252916666666665,-1.073923611111111,29.041350694444446,0.0
2021-01-05,50.99433094875,0.0,2.033892361111111,-1.0689027777777778,29.524989583333333,0.0
2021-01-06,50.871593964166664,0.0,2.0444618055555552,-1.0567256944444445,29.534864583333334,0.0
2021-01-07,50.77520041375,0.0,2.0312569444444444,-1.0579791666666667,28.816760416666668,0.0
2021-01-08,50.71669385208333,8.55133333333336,1.920388888888889,-1.0421041666666666,24.327187499999997,0.0
2021-01-09,50.68864896541667,0.762000000000003,1.9123124999999999,-1.0954861111111112,24.736041666666665,0.0
2021-01-10,53.11746238375,7.112000000000015,2.01653125,-1.0855902777777777,28.282444444444447,0.738274
2021-01-11,59.44056785083333,11.091333333333367,1.9809791666666667,-1.0711388888888889,28.057208333333335,0.0
2021-01-12,59.90593653666666,0.0,2.017190972222222,-1.0724131944444444,30.20773263888889,0.0
2021-01-13,56.71962745541666,0.0,2.0508229166666667,-1.0564965277777778,30.624305555555555,2.9531
2021-01-14,52.389460115,0.33866666666667,2.063809027777778,-1.04671875,30.474041666666665,0.0
2021-01-15,51.833425685,0.0,2.0565729166666666,-1.0563333333333333,31.04641666666667,0.0
2021-01-16,51.274424713749994,0.0,2.0084097222222224,-1.0596944444444445,29.977565972222223,0.0
2021-01-17,51.13263892416667,0.0,1.9739236111111111,-1.0539479166666668,29.684302083333336,0.0
2021-01-18,51.0630866275,0.0,1.9928402777777778,-1.0565729166666666,29.771368055555556,0.0
2021-01-19,50.917441179583335,0.0,1.9880416666666667,-1.0324513888888889,28.49212847222222,12.181524999999999
2021-01-20,50.810877625833335,0.0,1.9674375,-1.0497951388888889,27.823524305555555,0.0
2021-01-21,50.752432786250004,0.0,1.9807534722222222,-1.0814131944444445,29.551645833333335,0.0
2021-01-22,50.68572623916666,0.5080000000000032,1.9880069444444446,-1.0784444444444443,30.218385416666667,0.0
2021-01-23,50.60708696583333,1.1853333333333422,1.9253854166666666,-1.0705833333333332,28.708111111111112,0.0
2021-01-24,50.55554499125,6.434666666666675,1.9629444444444444,-1.0753472222222222,29.391847222222225,0.0
2021-01-25,50.5078228725,0.0,2.0003402777777777,-1.0770069444444443,29.345288194444446,0.0
2021-01-26,50.44231795125,0.0,1.927013888888889,-1.0625590277777779,26.256638888888887,0.0
2021-01-27,50.37159467041667,0.0,1.9768437499999998,-1.0988993055555556,29.104875000000003,0.0
2021-01-28,50.30077510583333,0.0,1.9907743055555553,-1.0880868055555555,28.898927083333334,0.0
2021-01-29,50.23510076541666,0.0,1.9861041666666666,-1.0676458333333334,27.81436111111111,0.0
2021-01-30,50.170544344583334,0.0,2.013069444444444,-1.0866215277777778,30.261430555555553,7.013604
2021-01-31,50.11982127666667,0.0,2.0133125,-1.0962326388888888,30.8965625,9.597557
2021-02-01,50.07663749,0.0,1.9822395833333333,-1.070170138888889,28.845250000000004,0.0
2021-02-02,50.02868898333333,1.7780000000000056,1.9750694444444443,-1.0947152777777778,29.808729166666666,5.90619
2021-02-03,50.00376806291667,0.0,1.9252777777777776,-1.0979305555555554,27.657972222222224,3.69137
2021-02-04,50.01767228791667,0.0,1.9887881944444443,-1.1129340277777777,30.546864583333335,2.953101
2021-02-05,50.001135481666665,1.608666666666678,1.9770243055555554,-1.0937916666666667,27.250031250000003,1.476548
2021-02-06,49.95512265041666,1.016000000000009,2.0061354166666665,-1.1117465277777778,29.417680555555553,2.583957
2021-02-07,49.90685009375,0.0,1.9947048611111111,-1.1036805555555556,28.66582986111111,0.0
2021-02-08,49.83415242833334,0.0,1.9883784722222222,-1.1268715277777777,28.07624652777778,0.0
2021-02-09,49.83861304291666,2.3706666666666663,2.01103125,-1.1361527777777778,28.173947916666666,0.0
2021-02-10,50.0035568575,6.434666666666676,2.000625,-1.126607638888889,27.914538194444447,0.0
2021-02-11,49.97629508875,0.0,2.002638888888889,-1.1193958333333334,27.824930555555557,0.0
2021-02-12,49.91336427708333,0.0,1.9880729166666666,-1.1287534722222223,26.479541666666666,0.0
2021-02-13,49.832622498333336,0.0,1.99903125,-1.1395,25.836663194444444,0.0
2021-02-14,49.71949974166667,0.0,2.0029583333333334,-1.1631041666666666,27.83021527777778,0.0
2021-02-15,49.627948106666665,0.0,2.03265625,-1.1636180555555555,27.481670138888887,4.798784
2021-02-16,49.541401375,0.0,2.0545625,-1.17340625,28.627118055555556,0.0
2021-02-17,49.69796638375,0.0,2.0244270833333333,-1.17040625,28.03559375,0.0
2021-02-18,51.03107480375,16.933333333333366,2.015652777777778,-1.1598680555555554,26.150208333333335,155.775889
2021-02-19,55.13484658541667,5.757333333333359,2.0041493055555555,-1.1681909722222221,24.699680555555556,0.738274
2021-02-20,60.20871341749999,2.5400000000000067,1.9978541666666665,-1.1809826388888889,26.408833333333334,0.0
2021-02-21,58.62658681541666,2.87866666666668,1.99696875,-1.1759756944444444,27.13554166666667,0.0
2021-02-22,56.66540435083333,2.286000000000005,1.9890694444444446,-1.1787256944444444,27.32557638888889,0.0
2021-02-23,60.57054231541666,8.466666666666676,1.9471666666666667,-1.1728229166666666,25.07620138888889,0.0
2021-02-24,58.97617741916666,0.762000000000003,1.9930416666666666,-1.1811458333333333,27.946767361111114,0.369137
2021-02-25,53.77276518208333,1.1853333333333385,2.0018402777777777,-1.1752118055555556,27.853687499999996,0.0
2021-02-26,53.413843985,2.3706666666666756,1.987753472222222,-1.1846979166666667,27.409739583333334,0.0
2021-02-27,58.19941639125,1.0159999999999991,1.9826666666666666,-1.174201388888889,26.426479166666667,0.0
2021-02-28,59.06892100249999,0.5080000000000069,1.9829756944444445,-1.1856458333333333,28.618805555555557,0.738274
2021-03-01,54.97695312291667,1.0160000000000045,1.97546875,-1.1594861111111112,28.588190972222222,0.0
2021-03-02,51.694740799583336,1.3546666666666671,1.944829861111111,-1.1420104166666667,27.28295486111111,0.0
2021-03-03,51.26100329083333,0.0,1.9779930555555556,-1.1612881944444444,27.340850694444445,0.0
2021-03-04,53.35131985541667,1.8626666666666813,1.9765555555555556,-1.1681388888888888,27.453565972222222,0.0
2021-03-05,59.499201389166664,1.5240000000000087,1.931736111111111,-1.153232638888889,25.260100694444446,0.0
2021-03-06,57.92301214833333,0.0,1.967892361111111,-1.1558680555555556,26.286618055555554,0.0
2021-03-07,55.50443576041667,2.1166666666666796,1.9681493055555555,-1.1622638888888888,26.713381944444446,0.0
2021-03-08,60.954997106666674,0.8466666666666696,2.0167847222222224,-1.1358402777777779,25.14336111111111,0.0
2021-03-09,61.1268923625,0.25400000000000345,2.090520833333333,-1.1530069444444444,27.322354166666667,0.0
2021-03-10,61.32073784583333,1.2699999999999996,2.10865625,-1.1253125,26.24853125,0.0
2021-03-11,61.54232928541666,2.0320000000000125,2.135170138888889,-1.128142361111111,23.919309027777775,0.0
2021-03-12,61.76963831208333,1.1006666666666696,2.122309027777778,-1.1261979166666667,23.62925,0.0
2021-03-13,61.74806134208333,0.0,2.125982638888889,-1.153361111111111,25.228447916666667,0.0
2021-03-14,61.65208365583333,0.0,2.1444930555555555,-1.164263888888889,25.995621527777775,0.0
2021-03-15,61.612798409583334,0.7619999999999996,2.1591423611111114,-1.1698229166666667,26.840663194444446,0.0
2021-03-16,61.6190567125,4.148666666666678,2.1689618055555555,-1.151875,24.764239583333335,0.0
2021-03-17,61.81608506958334,43.434000000000054,2.2097743055555554,-1.1736458333333333,25.07632986111111,0.0
2021-03-18,62.04463252125,11.34533333333338,2.1989444444444444,-1.1733055555555556,24.870211805555556,0.0
2021-03-19,62.02502025416666,0.2539999999999998,2.1422048611111113,-1.1832326388888887,25.733631944444443,0.0
2021-03-20,62.03614872666666,12.107333333333376,2.2033541666666667,-1.1663611111111112,25.040277777777778,0.0
2021-03-21,62.110283563749995,11.514666666666674,2.211982638888889,-1.1801458333333332,25.906680555555557,0.0
2021-03-22,62.41780092875,29.71800000000004,2.129670138888889,-1.1741319444444445,24.03254861111111,0.0
2021-03-23,62.36656539208333,8.55133333333336,2.1519618055555556,-1.1890416666666666,24.529750000000003,0.0
2021-03-24,62.49282117833333,12.615333333333353,2.1413993055555554,-1.2146354166666666,25.02314583333333,0.0
2021-03-25,62.40717881916666,10.837333333333348,2.196878472222222,-1.23990625,26.812635416666666,0.0
2021-03-26,62.44887153124999,1.2700000000000076,2.2213854166666667,-1.2281909722222222,26.129871527777777,0.0
2021-03-27,62.328721066250004,0.3386666666666691,2.17053125,-1.2341805555555556,25.051347222222223,0.0
2021-03-28,62.24135706208334,0.5080000000000023,2.2205833333333334,-1.261638888888889,26.030930555555557,0.0
2021-03-29,62.072080441249994,0.8466666666666706,2.2764826388888886,-1.2714097222222223,27.460125,0.0
2021-03-30,60.53804977041667,0.2540000000000025,2.2829444444444444,-1.284111111111111,28.565927083333335,30.638396
2021-03-31,56.03480902791667,0.0,2.2683194444444443,-1.2874791666666667,28.296027777777777,0.369137
2021-04-01,52.77434606291666,0.0,2.2501631944444447,-1.2796493055555556,26.082652777777778,21.409962
2021-04-02,52.91916377333334,9.398000000000028,2.252288194444444,-1.2847569444444444,26.184034722222222,56.847118
2021-04-03,55.28986400666666,1.2700000000000082,2.2429687499999997,-1.2812847222222221,24.77164236111111,0.0
2021-04-04,53.92968460666666,0.2540000000000025,2.2732361111111112,-1.3174479166666666,27.24603125,0.0
2021-04-05,54.76936342958333,9.05933333333335,2.281375,-1.3104791666666666,26.732465277777777,61.276728
2021-04-06,61.033289935,13.462000000000033,2.2918055555555554,-1.296625,26.58797222222222,0.0
2021-04-07,61.161443867916674,0.33866666666667,2.3039687499999997,-1.3110104166666667,27.184170138888888,1.47655
2021-04-08,61.17961516,0.508000000000005,2.2951319444444445,-1.3275381944444444,27.394243055555553,24.363084
2021-04-09,61.19177083541667,5.5880000000000285,2.216954861111111,-1.337503472222222,25.72804166666667,0.0
2021-04-10,61.20107349916667,3.556000000000008,2.238496527777778,-1.3609409722222223,27.61480208333333,0.0
2021-04-11,61.230162039583334,3.3020000000000067,2.25065625,-1.3483541666666667,26.7744375,0.369137
2021-04-12,60.27329572125,3.556000000000016,2.281434027777778,-1.3554479166666666,26.921791666666664,0.0
2021-04-13,56.43156539666667,0.0,2.2984513888888887,-1.36328125,28.103475694444445,0.0
2021-04-14,52.21319155125,0.0,2.2924618055555555,-1.3532673611111112,26.609305555555554,0.0
2021-04-15,51.916359954166666,5.757333333333346,2.316982638888889,-1.36725,26.98523611111111,1.10741
2021-04-16,54.79781828625,5.84200000000001,2.307704861111111,-1.3692222222222223,25.687552083333333,0.0
2021-04-17,58.821597221249995,0.8466666666666725,2.3093958333333333,-1.383982638888889,27.357812499999998,0.0
2021-04-18,54.40975115375,0.0,2.3033819444444443,-1.3790555555555555,26.859413194444443,0.0
2021-04-19,51.57150752,0.0,2.313673611111111,-1.3865243055555556,26.979479166666668,0.0
2021-04-20,51.14325520833333,0.0,2.3215347222222222,-1.3966874999999999,27.542475694444445,0.0
2021-04-21,50.893547455000004,0.0,2.300204861111111,-1.4091840277777778,27.7024375,0.0
2021-04-22,50.714169563333336,0.0,2.32671875,-1.4230208333333334,28.295368055555556,0.0
2021-04-23,50.56972800958333,0.0,2.290201388888889,-1.3970833333333335,25.607812499999998,0.0
2021-04-24,50.50791666875,0.2540000000000025,2.324315972222222,-1.4090069444444444,27.320100694444445,0.0
2021-04-25,50.46784722666666,0.0,2.350388888888889,-1.4186527777777778,27.909736111111112,0.0
2021-04-26,50.45449074291667,6.688666666666672,2.332496527777778,-1.420597222222222,27.75992361111111,0.0
2021-04-27,51.35864004458333,4.910666666666684,2.2345208333333333,-1.3832222222222221,23.822493055555555,0.0
2021-04-28,55.66753761666667,19.896666666666704,2.2426666666666666,-1.409701388888889,24.675972222222224,0.0
2021-04-29,60.82308448916667,12.361333333333365,2.2946180555555555,-1.3827083333333334,24.481770833333332,0.0
2021-04-30,60.86054108666667,2.1166666666666774,2.2854375,-1.386826388888889,23.877836805555557,0.0
2021-05-01,60.918451965416665,0.0,2.2783506944444443,-1.4018472222222222,24.742826388888886,0.0
2021-05-02,61.174534144583326,44.788666666666714,2.3060104166666666,-1.4030520833333335,25.433534722222223,1.476547
2021-05-03,61.605211225,40.047333333333384,2.2130034722222223,-1.3792083333333334,23.281180555555554,0.0
2021-05-04,61.7089062525,22.436666666666696,2.182826388888889,-1.3901909722222223,23.83965625,0.0
2021-05-05,61.74632233541667,8.212666666666685,2.2537604166666667,-1.406923611111111,24.249465277777777,0.0
2021-05-06,61.75838802458333,11.76866666666668,2.300236111111111,-1.4163715277777778,24.150322916666667,2.9530969999999996
2021-05-07,61.84287908708333,24.892000000000017,2.3003819444444447,-1.4437118055555553,25.03215972222222,0.0
2021-05-08,61.867777912499996,5.842000000000031,2.315309027777778,-1.4517534722222223,25.143284722222223,0.0
2021-05-09,61.85953188208334,0.4233333333333375,2.3079201388888886,-1.4711006944444442,26.64702777777778,0.0
2021-05-10,61.867657694583336,3.048000000000013,2.271451388888889,-1.4636944444444444,25.470493055555554,0.0
2021-05-11,61.79605685999999,0.0,2.3711527777777777,-1.4706041666666667,28.15960763888889,0.0
2021-05-12,61.63027994791667,1.6086666666666756,2.401982638888889,-1.4779687499999998,28.501881944444445,0.369137
2021-05-13,61.44798177083333,2.878666666666679,2.3755277777777777,-1.4993263888888888,28.978576388888886,0.0
2021-05-14,61.31184952458333,3.386666666666679,2.3644305555555554,-1.4949062499999999,28.282305555555556,0.0
2021-05-15,61.147389355,1.3546666666666767,2.3790243055555558,-1.4971597222222224,27.97978472222222,0.0
2021-05-16,61.19713497458333,13.462000000000021,2.389340277777778,-1.4938368055555555,27.370913194444444,0.0
2021-05-17,61.688183034583325,16.00200000000007,2.391138888888889,-1.486236111111111,26.78420138888889,0.0
2021-05-18,61.68183593541667,9.482666666666699,2.3739409722222224,-1.4636770833333335,24.270586805555556,0.0
2021-05-19,61.3704065375,0.0,2.3510416666666667,-1.5113124999999998,27.419774305555553,0.0
2021-05-20,61.163570667500004,0.0,2.413284722222222,-1.5154965277777779,28.60450694444444,0.369137
2021-05-21,61.05672716833333,0.0,2.406642361111111,-1.4877118055555556,26.38229861111111,0.0
2021-05-22,61.20349639083333,21.166666666666714,2.3966493055555556,-1.5164479166666667,27.275774305555558,0.0
2021-05-23,61.09431950708333,4.064000000000025,2.3914270833333333,-1.5280729166666667,27.076270833333336,0.0
2021-05-24,60.86878912458334,1.8626666666666731,2.383888888888889,-1.5350520833333334,27.490687499999996,0.369137
2021-05-25,60.788165071250006,8.63600000000001,2.373503472222222,-1.52546875,27.116680555555558,0.369137
2021-05-26,60.79315348833333,7.027333333333361,2.414111111111111,-1.529673611111111,27.55977777777778,0.738274
2021-05-27,60.700608038333336,1.9473333333333418,2.347597222222222,-1.517875,25.23239583333333,0.0
2021-05-28,60.519945022499996,0.6773333333333394,2.3851180555555556,-1.5270208333333333,25.926663194444444,0.369137
2021-05-29,60.44909143458332,5.164666666666689,2.3202916666666664,-1.5197569444444445,24.66133333333333,0.0
2021-05-30,60.370328415416665,0.5080000000000023,2.3542777777777775,-1.55159375,26.68711458333333,0.0
2021-05-31,60.513935008333334,30.73400000000006,2.4089340277777778,-1.5542638888888891,27.123246527777777,0.0
2021-06-01,60.91758621,17.01800000000009,2.3705902777777776,-1.5198333333333334,24.32923611111111,0.0
2021-06-02,,5.080000000000012,2.364267361111111,-1.54209375,25.71301736111111,0.0
2021-06-03,,0.7620000000000102,2.3834305555555555,-1.5684027777777778,27.77125,1.845685
2021-06-04,,0.0,2.380204861111111,-1.5471840277777777,26.3844375,0.369137
2021-06-05,,0.0,2.4036041666666668,-1.5580104166666666,26.711465277777776,0.369137
2021-06-06,,6.4346666666667,2.406364583333333,-1.565465277777778,27.29004513888889,0.738274
2021-06-07,,3.04800000000002,2.3974201388888887,-1.5569305555555557,25.671319444444446,15.872864
2021-06-08,,35.560000000000095,2.4049930555555554,-1.5548229166666667,24.7349375,0.0
2021-06-09,,8.212666666666728,2.371888888888889,-1.5527499999999999,23.865624999999998,0.0
2021-06-10,,0.25400000000000345,2.335875,-1.5850694444444446,25.59929861111111,0.0
2021-06-11,,27.940000000000055,2.3824305555555556,-1.5763090277777778,25.47270138888889,0.0
2021-06-12,,0.5926666666666731,2.3751458333333333,-1.5758611111111112,24.535645833333334,0.369137
2021-06-13,,4.318000000000021,2.3866666666666667,-1.5909236111111111,24.50487847222222,0.0
2021-06-14,,12.700000000000054,2.339888888888889,-1.5897534722222222,24.806711805555555,0.0
2021-06-15,,2.5400000000000102,2.314576388888889,-1.600472222222222,25.989819444444446,2.214827
2021-06-16,,0.0,2.320236111111111,-1.5989652777777776,25.549729166666665,0.0
2021-06-17,,7.366000000000018,2.344357638888889,-1.633420138888889,27.697458333333334,1.845685
2021-06-18,,1.52400000000001,2.3935,-1.6218854166666665,27.085281249999998,15.134637
2021-06-19,,13.631333333333368,2.417388888888889,-1.628378472222222,27.17205208333333,2.583961
2021-06-20,,22.352000000000057,2.3963402777777776,-1.6030104166666668,25.360680555555557,0.738274
2021-06-21,,1.3546666666666742,2.401777777777778,-1.6132118055555555,25.876409722222224,3.322235
2021-06-22,,5.1646666666666885,2.4063333333333334,-1.5979305555555554,24.22141319444444,0.0
2021-06-23,,7.4506666666666925,2.4296944444444444,-1.6432847222222222,26.58973611111111,2.214821
2021-06-24,,14.816666666666723,2.3425729166666667,-1.6240798611111111,24.539399305555552,0.738274
2021-06-25,,1.5240000000000091,2.3743159722222225,-1.6453541666666667,25.289357638888887,0.0
2021-06-26,,6.858000000000021,2.414340277777778,-1.6412222222222221,25.62483333333333,0.738274
2021-06-27,,5.164666666666692,2.3792708333333334,-1.6263888888888889,24.745760416666666,0.0
2021-06-28,,4.741333333333356,2.3664166666666664,-1.6459583333333334,26.196079861111112,0.738274
2021-06-29,,0.0,2.4115555555555557,-1.6484062499999999,25.779770833333334,59.800239
2021-06-30,,0.0,2.441388888888889,-1.6541493055555556,25.709135416666665,17.718574
2021-07-01,,0.0,2.387111111111111,-1.6674548611111113,26.250715277777775,0.369137
2021-07-02,,0.5080000000000069,2.4279444444444445,-1.681263888888889,26.510131944444442,0.369137
2021-07-03,,0.0,2.4511249999999998,-1.69090625,26.419350694444447,0.0
2021-07-04,,0.0,2.4337604166666664,-1.690798611111111,26.59001736111111,1.10741
2021-07-05,,0.7620000000000057,2.4533993055555556,-1.6890416666666666,26.594302083333332,0.0
2021-07-06,,0.0,2.4878923611111112,-1.7035555555555557,27.582069444444443,0.0
2021-07-07,,0.0,2.5274895833333333,-1.7044895833333333,28.895239583333332,0.369137
2021-07-08,,0.0,2.56,-1.61,23.59,0.0
